<?xml version="1.0" encoding="UTF-8" standalone="yes"?>
<mets:mets xmlns:mets="http://www.loc.gov/METS/" xmlns:xsi="http://www.w3.org/2001/XMLSchema-instance" 
xmlns:xlink="http://www.w3.org/1999/xlink"  xmlns:csip="https://dilcis.eu/XML/METS/CSIPExtensionMETS" 
xmlns:sip="https://DILCIS.eu/XML/METS/SIPExtensionMETS"
xsi:schemaLocation="https://www.w3.org./1999/xlink ../../schemas/xlink.xsd
http://www.loc.gov/METS/ https://www.loc.gov/standards/mets/mets.xsd
https://dilcis.eu/XML/METS/CSIPExtensionMETS ../../schemas/DILCISExtensionMETS.xsd
https://dilcis.eu/XML/METS/SIPExtensionMETS ../../schemas/DILCISExtensionSIPMETS.xsd"
PROFILE="https://earksip.dilcis.eu/profile/E-ARK-SIP.xml"
TYPE="OTHER" csip:OTHERTYPE="TEXT SCRAPE" OBJID="representation_1"
LABEL="text scrape van https://twitter.com/PACKEDvzw">
<!-- schemaLocation nog aanpassen naar online xsd en schemas directory verwijderen -->
    <mets:metsHdr CREATEDATE="2021-01-17T10:59:32+02:00" csip:OAISPACKAGETYPE="SIP" />
    <mets:amdSec ID="uuid-EDC6AD92-2413-4C78-8097-E3B1225E55F0">
        <mets:digiprovMD ID="C1F2C0E2-065D-4A6E-B034-6A4850DB2894">
            <mets:mdRef LOCTYPE="URL" xlink:type="simple" xlink:href="./metadata/preservation/premis.xml"
            MDTYPE="PREMIS" MIMETYPE="application/xml" SIZE="2930"
            CREATED="2022-10-28T12:24:07+01:00" CHECKSUM="3c58290e510d6e5714a48bb6818cc61d"
            CHECKSUMTYPE="MD5"></mets:mdRef>
        </mets:digiprovMD>
    </mets:amdSec>
    <mets:fileSec ID="uuid-6AC0A3FF-A207-4621-9D67-D14997B74E86">
        <mets:fileGrp ID="uuid-D2AB635B-8584-4132-974F-2BAD326E1338" USE="representations/representation_1/data">
            <mets:file ID="uuid-2DF5B441-D8E0-45F9-87EA-E0580360292A" MIMETYPE="application/jsonlines" SIZE="2859318" CREATED="2021-03-25T08:23:00" CHECKSUM="038b8ee3495eeeff908bf755eea419ed" 
            CHECKSUMTYPE="MD5" ADMID="C1F2C0E2-065D-4A6E-B034-6A4850DB2894">
                <mets:FLocat LOCTYPE="URL" xlink:type="simple" xlink:href="./data/20210325_twitter_packed_snscrape.jsonl" />
            </mets:file>
        </mets:fileGrp>
        <mets:fileGrp ID="uuid-34B3EC93-B3F0-4D60-8635-F24149E9946E" USE="representations/representation_1/documentation">
            <mets:file ID="uuid-8183DE9D-5D6E-4CE4-B870-ACBCE1016A58" MIMETYPE="text/yaml" SIZE="855" CREATED="2021-03-25T08:23:00" CHECKSUM="02c29fef3a0a86e8a27ecd3268a557f3" 
            CHECKSUMTYPE="MD5">
                <mets:FLocat LOCTYPE="URL" xlink:type="simple" xlink:href="./documentation/config.yml" />
            </mets:file>
        </mets:fileGrp>
    </mets:fileSec>
    <mets:structMap ID="uuid-17F820EF-DE9B-4F4D-A134-AD2D022480E3" TYPE="physical" LABEL="CSIP">
        <mets:div ID="uuid-eedc92a4-85e0-478b-938a-a159c50e3147" LABEL="representation_1">
            <mets:div ID="uuid-3D71327E-1C11-45FF-9761-9E5A0018FA99" LABEL="data">
                <mets:fptr FILEID="uuid-D2AB635B-8584-4132-974F-2BAD326E1338" />
            </mets:div>
            <mets:div ID="uuid-249677D3-2F4C-4A5A-BBE4-13ADABE978AC" LABEL="metadata" ADMID="C1F2C0E2-065D-4A6E-B034-6A4850DB2894" />
            <mets:div ID="uuid-12DBE67F-0B1F-47D3-93A6-7147A1B6225D" LABEL="documentation">
                <mets:fptr FILEID="uuid-34B3EC93-B3F0-4D60-8635-F24149E9946E" />
            </mets:div>
        </mets:div>
    </mets:structMap>
</mets:mets>