<?xml version="1.0" encoding="UTF-8"?>
<premis:premis version="3.0" xmlns:xsi="http://www.w3.org/2001/XMLSchema-instance" xmlns:premis="http://www.loc.gov/premis/v3" xsi:schemaLocation="http://www.loc.gov/premis/v3 ../../schemas/premis.xsd">
    <premis:object xsi:type="premis:representation">
        <premis:objectIdentifier>
            <premis:objectIdentifierType>UUID</premis:objectIdentifierType>
            <premis:objectIdentifierValue>bd3c9c63-bdba-42d0-b4c9-81f381ae3831</premis:objectIdentifierValue>
        </premis:objectIdentifier>
        <premis:relationship>
            <premis:relationshipType authority="relationshipType" 
            authorityURI="http://id.loc.gov/vocabulary/preservation/relationshipType" valueURI="http://id.loc.gov/vocabulary/preservation/relationshipType/str"
            >structural</premis:relationshipType>
            <premis:relationshipSubType authority="relationshipSubType" authorityURI="http://id.loc.gov/vocabulary/preservation/relationshipSubType" 
            valueURI="http://id.loc.gov/vocabulary/preservation/relationshipSubType/isr">is represented by</premis:relationshipSubType>
            <premis:relatedObjectIdentifier>
                <premis:relatedObjectIdentifierType>UUID</premis:relatedObjectIdentifierType>
                <premis:relatedObjectIdentifierValue>TODO</premis:relatedObjectIdentifierValue>
            </premis:relatedObjectIdentifier>        
        </premis:relationship>
    </premis:object>

    <premis:rights>
        <premis:rightsStatementIdentifier>
            <premis:rightsStatementIdentifierType>UUID</premis:rightsStatementIdentifierType>
            <premis:rightsStatementIdentifierValue>8ae76973-ba64-4945-8985-87940bdf7b93</premis:rightsStatementIdentifierValue>
        </premis:rightsStatementIdentifier>
        <premis:rightsBasis>license</premis:rightsBasis>
        <premis:licenseInformation>
            <premis:licenseDocumentationIdentifier>https://twitter.com/en/tos#intlTerms</premis:licenseDocumentationIdentifier>
            <!-- misschien beter een gearchiveerde versie van de TOS gebruiken? de TOS kan namelijk geüpdatet worden --> 
            <premis:licenseTerms>Twitter Terms of Service</premis:licenseTerms>
            <premis:licenseNote>Terms of use van Twitter</premis:licenseNote>
            <premis:licenseApplicableDates>
                <premis:startDate>20210819</premis:startDate>
            </premis:licenseApplicableDates>
        </premis:licenseInformation>
        <premis:linkingObjectIdentifier>
            <premis:linkingObjectIdentifierType>UUID</premis:linkingObjectIdentifierType>
            <premis:linkingObjectIdentifierValue>aa334708-6e4a-4d34-b410-0d9cfc18a3b0</premis:linkingObjectIdentifierValue>
        </premis:linkingObjectIdentifier>
        <premis:linkingAgentIdentifier>
            <premis:linkingAgentIdentifierType>UUID</premis:linkingAgentIdentifierType>
            <premis:linkingAgentIdentifierValue>848a67af-71a4-4f3a-85c7-630fd0dba648</premis:linkingAgentIdentifierValue>
        </premis:linkingAgentIdentifier>
    </premis:rights>

    <!--checken met team mimi of hier een event van gemaakt wordt -->
    <premis:event>
        <premis:eventIdentifier>
            <premis:eventIdentifierType>UUID</premis:eventIdentifierType>
            <premis:eventIdentifierValue>eaa82a5c-cef7-4b5f-b655-a20f43550b63</premis:eventIdentifierValue>
        </premis:eventIdentifier>
        <premis:eventType>information package creation</premis:eventType>
        <premis:eventDateTime>2021-01-17T10:59:32+02:00</premis:eventDateTime>
        <premis:eventOutcomeInformation>1</premis:eventOutcomeInformation>
        <premis:eventDetailInformation>
            <premis:eventDetail>creatie van de SIP</premis:eventDetail>
        </premis:eventDetailInformation>
        <premis:linkingAgentIdentifier></premis:linkingAgentIdentifier>
            <premis:linkingAgentIdentifierType>UUID</premis:linkingAgentIdentifierType>
            <premis:linkingAgentIdentifierValue>3be0bc38-27bf-4e8f-bf04-053bea3137b7</premis:linkingAgentIdentifierValue>
            <premis:linkingAgentRole>implementer</premis:linkingAgentRole>
        <premis:linkingObjectIdentifier>
            <premis:linkingObjectIdentifierType>UUID</premis:linkingObjectIdentifierType>
            <premis:linkingObjectIdentifierValue>bd3c9c63-bdba-42d0-b4c9-81f381ae3831</premis:linkingObjectIdentifierValue>
            <premis:linkingObjectRole>outcome</premis:linkingObjectRole>
        </premis:linkingObjectIdentifier>
    </premis:event>

    <premis:agent>
        <premis:agentIdentifier>
            <premis:agentType>UUID</premis:agentType>
            <premis:agentName>3be0bc38-27bf-4e8f-bf04-053bea3137b7</premis:agentName>
        </premis:agentIdentifier>
        <premis:agentType>person</premis:agentType>
        <premis:agentName>Nastasia Vanderperren</premis:agentName>
    </premis:agent>


</premis:premis>