<?xml version="1.0" encoding="UTF-8"?>
<premis:premis version="3.0" xmlns:xsi="http://www.w3.org/2001/XMLSchema-instance" xmlns:premis="http://www.loc.gov/premis/v3" xsi:schemaLocation="http://www.loc.gov/premis/v3 
https://www.loc.gov/standards/premis/v3/premis-v3-0.xsd">
    <premis:object xsi:type="premis:representation">
        <premis:objectIdentifier>
            <premis:objectIdentifierType>UUID</premis:objectIdentifierType>
            <premis:objectIdentifierValue>bd3c9c63-bdba-42d0-b4c9-81f381ae3831</premis:objectIdentifierValue>
        </premis:objectIdentifier>
        <premis:relationship>
            <premis:relationshipType authority="relationshipType" 
            authorityURI="http://id.loc.gov/vocabulary/preservation/relationshipType" valueURI="http://id.loc.gov/vocabulary/preservation/relationshipType/str"
            >structural</premis:relationshipType>
            <premis:relationshipSubType authority="relationshipSubType" authorityURI="http://id.loc.gov/vocabulary/preservation/relationshipSubType" 
            valueURI="http://id.loc.gov/vocabulary/preservation/relationshipSubType/isr">is represented by</premis:relationshipSubType>
            <premis:relatedObjectIdentifier>
                <premis:relatedObjectIdentifierType>UUID</premis:relatedObjectIdentifierType>
                <premis:relatedObjectIdentifierValue>TODO</premis:relatedObjectIdentifierValue>
            </premis:relatedObjectIdentifier>        
        </premis:relationship>
    </premis:object>

    <!--checken met team mimi of hier een event van gemaakt wordt -->
    <premis:event>
        <premis:eventIdentifier>
            <premis:eventIdentifierType>UUID</premis:eventIdentifierType>
            <premis:eventIdentifierValue>eaa82a5c-cef7-4b5f-b655-a20f43550b63</premis:eventIdentifierValue>
        </premis:eventIdentifier>
        <premis:eventType>information package creation</premis:eventType>
        <premis:eventDateTime>2021-01-17T10:59:32+02:00</premis:eventDateTime>
        <premis:eventDetailInformation>
            <premis:eventDetail>creatie van de SIP</premis:eventDetail>
        </premis:eventDetailInformation>
        <premis:eventOutcomeInformation>
            <premis:eventOutcome>1</premis:eventOutcome>
        </premis:eventOutcomeInformation>
        <premis:linkingAgentIdentifier>
            <premis:linkingAgentIdentifierType>UUID</premis:linkingAgentIdentifierType>
            <premis:linkingAgentIdentifierValue>3be0bc38-27bf-4e8f-bf04-053bea3137b7</premis:linkingAgentIdentifierValue>
            <premis:linkingAgentRole>implementer</premis:linkingAgentRole>
        </premis:linkingAgentIdentifier>
    </premis:event>

    <premis:agent>
        <premis:agentIdentifier>
            <premis:agentIdentifierType>UUID</premis:agentIdentifierType>
            <premis:agentIdentifierValue>3be0bc38-27bf-4e8f-bf04-053bea3137b7</premis:agentIdentifierValue>
        </premis:agentIdentifier>
        <premis:agentName>Nastasia Vanderperren</premis:agentName>
        <premis:agentType>person</premis:agentType>
    </premis:agent>

    <premis:rights>
        <premis:rightsStatement>
            <premis:rightsStatementIdentifier>
                <premis:rightsStatementIdentifierType>UUID</premis:rightsStatementIdentifierType>
                <premis:rightsStatementIdentifierValue>8ae76973-ba64-4945-8985-87940bdf7b93</premis:rightsStatementIdentifierValue>
            </premis:rightsStatementIdentifier>
            <premis:rightsBasis>license</premis:rightsBasis>
            <premis:licenseInformation>
                <premis:licenseDocumentationIdentifier>
                    <premis:licenseDocumentationIdentifierType>URI</premis:licenseDocumentationIdentifierType>
                    <premis:licenseDocumentationIdentifierValue>https://twitter.com/en/tos#intlTerms</premis:licenseDocumentationIdentifierValue>
                </premis:licenseDocumentationIdentifier>
                <premis:licenseTerms>Twitter Terms of Service</premis:licenseTerms>
                <premis:licenseNote>Terms of use van Twitter</premis:licenseNote>
                <premis:licenseApplicableDates>
                    <premis:startDate>20210819</premis:startDate>
                </premis:licenseApplicableDates>
            </premis:licenseInformation>
            <premis:linkingObjectIdentifier>
                <premis:linkingObjectIdentifierType>UUID</premis:linkingObjectIdentifierType>
                <premis:linkingObjectIdentifierValue>aa334708-6e4a-4d34-b410-0d9cfc18a3b0</premis:linkingObjectIdentifierValue>
            </premis:linkingObjectIdentifier>
            <premis:linkingAgentIdentifier>
                <premis:linkingAgentIdentifierType>UUID</premis:linkingAgentIdentifierType>
                <premis:linkingAgentIdentifierValue>848a67af-71a4-4f3a-85c7-630fd0dba648</premis:linkingAgentIdentifierValue>
            </premis:linkingAgentIdentifier>
        </premis:rightsStatement>  
    </premis:rights>
</premis:premis>