<?xml version="1.0" encoding="UTF-8" standalone="yes"?>
<metadata xmlns:xsi="http://www.w3.org/2001/XMLSchema-instance"
xmlns:dcterms="http://purl.org/dc/terms/"
xsi:schemaLocation="http://purl.org/dc/terms/ https://www.dublincore.org/schemas/xmls/qdc/dcterms.xsd"
version="1.0">
    <dcterms:identifier>bd3c9c63-bdba-42d0-b4c9-81f381ae3831</dcterms:identifier>
    <dcterms:type xsi:type="dcterms:DCMIType">Text</dcterms:type>
    <dcterms:creator>meemoo, Vlaams Instituut voor het archief</dcterms:creator>
    <dcterms:temporal xsi:type="dcterms:Period">start="2012-06-14"; end="2020-06-18"</dcterms:temporal>
    <dcterms:source>https://twitter.com/PACKEDvzw</dcterms:source>
</metadata>