<?xml version="1.0" encoding="UTF-8" standalone="yes"?>
<mets:mets xmlns:mets="http://www.loc.gov/METS/" 
xmlns:csip="https://dilcis.eu/XML/METS/CSIPExtensionMETS" xmlns:sip="https://DILCIS.eu/XML/METS/SIPExtensionMETS"
xmlns:xsi="http://www.w3.org/2001/XMLSchema-instance" xmlns:xlink="http://www.w3.org/1999/xlink"  
xsi:schemaLocation="https://www.w3.org./1999/xlink http://www.loc.gov/standards/xlink/xlink.xsd 
http://www.loc.gov/METS/ https://www.loc.gov/standards/mets/mets.xsd
https://dilcis.eu/XML/METS/CSIPExtensionMETS https://earkcsip.dilcis.eu/schema/DILCISExtensionMETS.xsd
https://dilcis.eu/XML/METS/SIPExtensionMETS https://earksip.dilcis.eu/schema/DILCISExtensionSIPMETS.xsd"
PROFILE="https://earksip.dilcis.eu/profile/E-ARK-SIP.xml"
csip:CONTENTINFORMATIONTYPE="https://data.hetarchief.be/id/sip/1.1/social-media-streams"
TYPE="OTHER" csip:OTHERTYPE="SOCIAL MEDIA STREAM" OBJID="uuid-bd3c9c63-bdba-42d0-b4c9-81f381ae3831"
LABEL="Twitter account of PACKEDvzw 2012-2020">
<!-- csip:contentinformationtype moet eigenlijk een fixed list van csip volgen.
voorlopig is het ook een zelfverzonnen URL gebaseerd op de gepubliceerde profiles van meemoo -->

    <mets:metsHdr CREATEDATE="2022-01-17T09:03:32+01:00" csip:OAISPACKAGETYPE="SIP">
        <mets:agent ROLE="CREATOR" TYPE="OTHER" OTHERTYPE="SOFTWARE">
            <mets:name>meemoo SIP creator</mets:name>
            <mets:note csip:NOTETYPE="SOFTWARE VERSION">1.0.0</mets:note>
        </mets:agent>
        <!-- vraag: willen we de archivist rol? volgens de spec is dit de organisatie
        die het archief creëerde (beheert lijkt mij in sommige gevallen beter)--> 
        <mets:agent ROLE="ARCHIVIST" TYPE="ORGANIZATION">
            <mets:name>meemoo, Vlaams Instituut voor het archief</mets:name>
            <mets:note csip:NOTETYPE="IDENTIFICATIONCODE">OR-XXX</mets:note>
        </mets:agent>
         <!-- dit is de organisatie die het archief submit --> 
        <mets:agent ROLE="CREATOR" TYPE="ORGANIZATION"> 
            <mets:name>meemoo, Vlaams instituut voor het archeif</mets:name>
            <mets:note csip:NOTETYPE="IDENTIFICATIONCODE">OR-XXX</mets:note>
        </mets:agent>
        <!-- dit is de contactpersoon van de submitting organization-->
        <mets:agent ROLE="CREATOR" TYPE="INDIVIDUAL"> 
            <mets:name>Nastasia Vanderperren</mets:name>
            <mets:note>nastasia.vanderperren@meemoo.be</mets:note>
        </mets:agent>
        <mets:agent ROLE="PRESERVATION" TYPE="ORGANIZATION">
            <mets:name>meemoo, Vlaams instituut voor het archef</mets:name>
        </mets:agent>
    </mets:metsHdr>
    
    <mets:dmdSec ID="uuid-dffb2665-7c46-4e44-82d3-d8e9a13dfca6" CREATED="2022-10-27T13:59:32+02:00" STATUS="CURRENT">
        <mets:mdRef LOCTYPE="URL" xlink:type="simple" xlink:href="./metadata/descriptive/account-dc.xml"
        MDTYPE="DC" MIMETYPE="application/xml" SIZE="1056" CREATED="2022-10-27T12:22:00+02:00" CHECKSUM="d17a3e416eb511a97a7e000d3830e771"
        CHECKSUMTYPE="MD5" />
    </mets:dmdSec>
    
    <mets:dmdSec ID="uuid-d7f3d343-341a-4481-8fb6-a2367fee6102" CREATED="2022-10-27T14:00:32+02:00" STATUS="CURRENT">
        <mets:mdRef LOCTYPE="URL" xlink:type="simple" xlink:href="./metadata/descriptive/stream-dc.xml"
        MDTYPE="DC" MIMETYPE="application/xml" SIZE="916" CREATED="2022-10-27T10:09:00+02:00" CHECKSUM="a113774b4d705f6eed8f0eee1fa870fa"
        CHECKSUMTYPE="MD5" />    
    </mets:dmdSec>
    
    <mets:amdSec ID="uuid-e3afc8af-105d-4d21-9aeb-b509721fdf71">
        <!-- wat doen met de rightsMD? en met de rechten in het algemeen? -->
        <mets:digiprovMD ID="uuid-5e3efa30-21ea-474c-a63c-730ad11cba68">
            <mets:mdRef LOCTYPE="URL" xlink:type="simple" xlink:href="./metadata/preservation/premis.xml"
            MDTYPE="PREMIS" MIMETYPE="application/xml" SIZE="596"
            CREATED="2022-01-14T15:46:00+01:00" CHECKSUM="f09760182cef559bb18533e98ce78903"
            CHECKSUMTYPE="MD5" />
        </mets:digiprovMD>
    </mets:amdSec>
    
    <mets:fileSec ID="uuid-4be5986e-cae0-4c9a-a35a-8b40ae455daa">
        <mets:fileGrp ID="uuid-37c665e2-960b-4486-8729-89ae68227c10" USE="Representations/representation_1" csip:CONTENTINFORMATIONTYPE="OTHER"
        csip:OTHERCONTENTINFORMATIONTYPE="RAW-CONTENT">
            <mets:file ID="uuid-2f62cbfe-1588-49b9-a714-5d6deb8d0f66" MIMETYPE="application/xml" SIZE="3355" 
            CREATED="2022-01-14T15:57:00+01:00" CHECKSUM="003de85ff82009491e5ae7ec6ac2f475" CHECKSUMTYPE="MD5">
                <mets:FLocat LOCTYPE="URL" xlink:type="simple" xlink:href="./representations/representation_1/METS.xml" />
            </mets:file>
        </mets:fileGrp>
    </mets:fileSec>
    
    <mets:structMap ID="uuid-0a82fb06-5475-46c2-b041-be220edc3d42" TYPE="PHISICAL" LABEL="CSIP">
        <mets:div ID="uuid-b739018c-742a-42f8-8aec-60583321f507" LABEL="uuid-bd3c9c63-bdba-42d0-b4c9-81f381ae3831">
            <mets:div ID="uuid-1f9bedb1-9408-4534-965c-e00d0826f45d" LABEL="metadata" ADMID="uuid-e3afc8af-105d-4d21-9aeb-b509721fdf71" 
            DMDID="uuid-dffb2665-7c46-4e44-82d3-d8e9a13dfca6 uuid-d7f3d343-341a-4481-8fb6-a2367fee6102" />
            <mets:div ID="uuid-fe4eec1f-0b39-431e-bd1a-35eacc24fe38" LABEL="representations/representation_1">
                <mets:mptr LOCTYPE="URL" xlink:type="simple" xlink:href="./representations/representation_1/METS.xml" xlink:title="TEXT SCRAPE" />
            </mets:div>
        </mets:div>
    </mets:structMap>

</mets:mets>