<?xml version="1.0" encoding="UTF-8" standalone="yes"?>
<mets:mets xmlns:mets="http://www.loc.gov/METS/" 
xmlns:csip="https://dilcis.eu/XML/METS/CSIPExtensionMETS" xmlns:sip="https://DILCIS.eu/XML/METS/SIPExtensionMETS" xmlns:premis="http://www.loc.gov/premis/v3"
xmlns:xsi="http://www.w3.org/2001/XMLSchema-instance" xmlns:xlink="http://www.w3.org/1999/xlink"  
xsi:schemaLocation="https://www.w3.org./1999/xlink http://www.loc.gov/standards/xlink/xlink.xsd 
http://www.loc.gov/METS/ https://www.loc.gov/standards/mets/mets.xsd
https://dilcis.eu/XML/METS/CSIPExtensionMETS https://earkcsip.dilcis.eu/schema/DILCISExtensionMETS.xsd
https://dilcis.eu/XML/METS/SIPExtensionMETS https://earksip.dilcis.eu/schema/DILCISExtensionSIPMETS.xsd 
http://www.loc.gov/premis/v3  https://www.loc.gov/standards/premis/premis.xsd"
PROFILE="https://earksip.dilcis.eu/profile/E-ARK-SIP.xml"
csip:CONTENTINFORMATIONTYPE="https://data.hetarchief.be/id/sip/1.1/social-media-streams"
TYPE="OTHER" csip:OTHERTYPE="SOCIAL MEDIA STREAM" OBJID="uuid-bd3c9c63-bdba-42d0-b4c9-81f381ae3831"
LABEL="Twitter account of PACKEDvzw 2012-2020">
<!-- schemaLocation nog aanpassen naar online xsd en schemas directory verwijderen -->
    <mets:metsHdr CREATEDATE="2022-01-17T09:03:32+01:00" csip:OAISPACKAGETYPE="SIP">
        <mets:agent ROLE="CREATOR" TYPE="OTHER" OTHERTYPE="SOFTWARE">
            <mets:name>meemoo SIP creator</mets:name>
            <mets:note csip:NOTETYPE="SOFTWARE VERSION">1.0.0</mets:note>
        </mets:agent>  
        <mets:agent ROLE="ARCHIVIST" TYPE="ORGANIZATION">
            <mets:name>meemoo, Vlaams Instituut voor het archief</mets:name>
        </mets:agent>
        <mets:agent ROLE="CREATOR" TYPE="ORGANIZATION"> 
            <mets:name>meemoo, Vlaams instituut voor het archef</mets:name>
        </mets:agent>
        <mets:agent ROLE="CREATOR" TYPE="INDIVIDUAL"> 
            <mets:name>Nastasia Vanderperren</mets:name>
            <mets:note>nastasia.vanderperren@meemoo.be</mets:note>
        </mets:agent>
        <mets:agent ROLE="PRESERVATION" TYPE="ORGANIZATION">
            <mets:name>meemoo, Vlaams instituut voor het archef</mets:name>
        </mets:agent>
    </mets:metsHdr>
    <mets:dmdSec ID="dmd1" CREATED="2022-10-27T13:59:32+02:00" STATUS="CURRENT">
        <mets:mdRef LOCTYPE="URL" xlink:type="simple" xlink:href="./metadata/descriptive/dc1.xml"
        MDTYPE="DC" MIMETYPE="application/xml" SIZE="1056" CREATED="2022-10-27T12:22:00+02:00" CHECKSUM="d17a3e416eb511a97a7e000d3830e771"
        CHECKSUMTYPE="MD5" />
    </mets:dmdSec>
    <mets:dmdSec ID="dmd2" CREATED="2022-10-27T14:00:32+02:00" STATUS="CURRENT">
        <mets:mdRef LOCTYPE="URL" xlink:type="simple" xlink:href="./metadata/descriptive/dc2.xml"
        MDTYPE="DC" MIMETYPE="application/xml" SIZE="916" CREATED="2022-10-27T10:09:00+02:00" CHECKSUM="a113774b4d705f6eed8f0eee1fa870fa"
        CHECKSUMTYPE="MD5" />
    </mets:dmdSec>
    <mets:amdSec ID="amd1">
        <!-- wat doen met de rightsMD? en met de rechten in het algemeen? -->
        <mets:rightsMD ID="rmd_1">
            <mets:mdWrap MIMETYPE="text/xml" MDTYPE="PREMIS:RIGHTS">
                <mets:xmlData>
                    <premis:rights>
                        <premis:rightsStatement>
                            <premis:rightsStatementIdentifier>
                                <premis:rightsStatementIdentifierType>UUID</premis:rightsStatementIdentifierType>
                                <premis:rightsStatementIdentifierValue>8ae76973-ba64-4945-8985-87940bdf7b93</premis:rightsStatementIdentifierValue>
                            </premis:rightsStatementIdentifier>
                            <premis:rightsBasis>license</premis:rightsBasis>
                            <premis:licenseInformation>
                                <premis:licenseDocumentationIdentifier>
                                    <premis:licenseDocumentationIdentifierType>URI</premis:licenseDocumentationIdentifierType>
                                    <premis:licenseDocumentationIdentifierValue>https://twitter.com/en/tos#intlTerms</premis:licenseDocumentationIdentifierValue>
                                </premis:licenseDocumentationIdentifier>
                                <premis:licenseTerms>Twitter Terms of Service</premis:licenseTerms>
                                <premis:licenseNote>Terms of use van Twitter</premis:licenseNote>
                                <premis:licenseApplicableDates>
                                    <premis:startDate>20210819</premis:startDate>
                                </premis:licenseApplicableDates>
                            </premis:licenseInformation>
                            <premis:linkingObjectIdentifier>
                                <premis:linkingObjectIdentifierType>UUID</premis:linkingObjectIdentifierType>
                                <premis:linkingObjectIdentifierValue>aa334708-6e4a-4d34-b410-0d9cfc18a3b0</premis:linkingObjectIdentifierValue>
                            </premis:linkingObjectIdentifier>
                            <premis:linkingAgentIdentifier>
                                <premis:linkingAgentIdentifierType>UUID</premis:linkingAgentIdentifierType>
                                <premis:linkingAgentIdentifierValue>848a67af-71a4-4f3a-85c7-630fd0dba648</premis:linkingAgentIdentifierValue>
                            </premis:linkingAgentIdentifier>
                        </premis:rightsStatement>  
                    </premis:rights>
                </mets:xmlData>           
            </mets:mdWrap>
        </mets:rightsMD>
        <mets:digiprovMD ID="uuid-5A80E9C0-1571-47FD-BDCC-1D50FC78901D">
            <mets:mdRef LOCTYPE="URL" xlink:type="simple" xlink:href="./metadata/preservation/premis.xml"
            MDTYPE="PREMIS" MIMETYPE="application/xml" SIZE="596"
            CREATED="2022-01-14T15:46:00+01:00" CHECKSUM="f09760182cef559bb18533e98ce78903"
            CHECKSUMTYPE="MD5" />
        </mets:digiprovMD>
    </mets:amdSec>
    <mets:fileSec ID="fsec1">
        <mets:fileGrp ID="reps" USE="Representations/representation_1" csip:CONTENTINFORMATIONTYPE="RAW-CONTENT">
            <mets:file ID="rep_mets" MIMETYPE="application/xml" SIZE="3355" CREATED="2022-01-14T15:57:00+01:00" 
            CHECKSUM="003de85ff82009491e5ae7ec6ac2f475" CHECKSUMTYPE="MD5">
                <mets:FLocat LOCTYPE="URL" xlink:type="simple" xlink:href="./representations/representation_1/METS.xml" />
            </mets:file>
        </mets:fileGrp>
        <!-- de fysieke schemas directory wordt verwijderd en staat daarom niet in de METS -->
        <mets:fileGrp ID="docs" USE="Documentation" />
    </mets:fileSec>
    <mets:structMap ID="pack_structuur" TYPE="PHISICAL" LABEL="CSIP">
        <mets:div ID="package" LABEL="uuid-bd3c9c63-bdba-42d0-b4c9-81f381ae3831">
            <mets:div ID="pack_metadata" LABEL="metadata" ADMID="amd1" DMDID="dmd1" />
            <mets:div ID="pack_rep" LABEL="representations/representation_1">
                <mets:mptr LOCTYPE="URL" xlink:type="simple" xlink:href="./representations/representation_1/METS.xml" xlink:title="TEXT SCRAPE" />
            </mets:div>
            <!-- de fysieke schemas directory wordt verwijderd en staat daarom niet in de METS -->
            <mets:div ID="pack_docs" LABEL="documentation">
                <mets:fptr FILEID="docs" />
            </mets:div>
        </mets:div>
    </mets:structMap>
</mets:mets>